iteration,failureOccurred,failureCaught,unsafe
31,T,F,-
32,T,F,-
33,T,F,-
34,T,F,-
35,T,F,-
36,T,F,-
37,T,F,-
38,T,F,-
39,T,F,-
40,T,F,-
41,T,F,-
42,T,F,-
43,T,F,-
44,T,F,-
45,T,F,-
46,T,F,-
47,T,F,-
48,T,F,-
49,T,F,-
50,T,F,-
51,T,F,-
52,T,F,-
53,T,F,-
54,T,F,-
55,T,F,-
56,T,F,-
57,T,F,-
58,T,F,-
59,T,F,-
60,T,F,-
61,T,F,-
62,T,F,-
63,T,F,-
64,T,F,-
65,T,F,-
66,T,F,-
67,T,F,-
68,T,F,-
69,T,F,-
70,T,F,-
71,T,F,-
72,T,F,-
73,T,F,-
74,T,F,-
75,T,F,-
76,T,F,-
77,T,F,-
78,T,F,-
79,T,F,-
80,T,F,-
81,T,F,-
82,T,F,-
83,T,F,-
84,T,F,-
85,T,F,-
86,T,F,-
87,T,F,-
88,T,F,-
89,T,F,-
90,T,F,-
91,T,F,-
92,T,F,-
93,T,F,-
94,T,F,-
95,T,F,-
96,T,F,-
97,T,F,-
98,T,F,-
99,T,F,-
100,T,F,-
101,T,F,-
102,T,F,-
103,T,F,-
104,T,F,-
105,T,F,-
106,T,F,-
107,T,F,-
108,T,F,-
109,T,F,-
110,T,F,-
111,T,F,-
112,T,F,-
113,T,F,-
114,T,F,-
115,T,F,-
116,T,F,-
117,T,F,-
118,T,F,-
119,T,F,-
120,T,F,-
121,T,F,-
122,T,F,-
123,T,F,-
124,T,F,-
125,T,F,-
126,T,F,-
127,T,F,-
128,T,F,-
129,T,F,-
130,T,F,-
131,T,F,-
132,T,F,-
133,T,F,-
134,T,F,-
135,T,F,-
136,T,F,-
137,T,F,-
138,T,F,-
139,T,F,-
140,T,F,-
141,T,F,-
142,T,F,-
143,T,F,-
144,T,F,-
145,T,F,-
146,T,F,-
147,T,F,-
148,T,F,-
149,T,F,-
150,T,F,-
151,T,F,-
152,T,F,-
153,T,F,-
154,T,F,-
155,T,F,-
156,T,F,-
157,T,F,-
158,T,F,-
159,T,F,-
160,T,F,-
161,T,F,-
162,T,F,-
163,T,F,-
164,T,F,-
165,T,F,-
166,T,F,-
167,T,F,-
168,T,F,-
169,T,F,-
170,T,F,-
171,T,F,-
172,T,F,-
173,T,F,-
174,T,F,-
175,T,F,-
176,T,F,-
177,T,F,-
178,T,F,-
179,T,F,-
180,T,F,-
181,T,F,-
182,T,F,-
183,T,F,-
184,T,F,-
185,T,F,-
186,T,F,-
187,T,F,-
188,T,F,-
189,T,F,-
190,T,F,-
191,T,F,-
192,T,F,-
193,T,F,-
194,T,F,-
195,T,F,-
196,T,F,-
197,T,F,-
198,T,F,-
199,T,F,-
200,T,F,-
201,T,F,-
202,T,F,-
203,T,F,-
204,T,F,-
205,T,F,-
206,T,F,-
207,T,F,-
208,T,F,-
209,T,F,-
210,T,F,-
211,T,F,-
212,T,F,-
213,T,F,-
214,T,F,-
215,T,F,-
216,T,F,-
217,T,F,-
218,T,F,-
219,T,F,-
220,T,F,-
221,T,F,-
222,T,F,-
223,T,F,-
224,T,F,-
225,T,F,-
226,T,F,-
227,T,F,-
228,T,F,-
229,T,F,-
230,T,F,-
231,T,F,-
232,T,F,-
233,T,F,-
234,T,F,-
235,T,F,-
236,T,F,-
237,T,F,-
238,T,F,-
239,T,F,-
240,T,F,-
241,T,F,-
242,T,F,-
243,T,F,-
244,T,F,-
245,T,F,-
246,T,F,-
247,T,F,-
248,T,F,-
249,T,F,-
250,T,F,-
251,T,F,-
252,T,F,-
253,T,F,-
254,T,F,-
255,T,F,-
256,T,F,-
257,T,F,-
258,T,F,-
259,T,F,-
260,T,F,-
261,T,F,-
262,T,F,-
263,T,F,-
264,T,F,-
265,T,F,-
266,T,F,-
267,T,F,-
268,T,F,-
269,T,F,-
270,T,F,-
271,T,F,-
272,T,F,-
273,T,F,-
274,T,F,-
275,T,F,-
276,T,F,-
277,T,F,-
278,T,F,-
279,T,F,-
280,T,F,-
281,T,F,-
282,T,F,-
283,T,F,-
284,T,F,-
285,T,F,-
286,T,F,-
287,T,F,-
288,T,F,-
289,T,F,-
290,T,F,-
291,T,F,-
292,T,F,-
293,T,F,-
294,T,F,-
295,T,F,-
296,T,F,-
297,T,F,-
298,T,F,-
299,T,F,-
300,T,F,-
301,T,F,-
302,T,F,-
303,T,F,-
304,T,F,-
305,T,F,-
306,T,F,-
307,T,F,-
308,T,F,-
309,T,F,-
310,T,F,-
311,T,F,-
312,T,F,-
313,T,F,-
314,T,F,-
315,T,F,-
316,T,F,-
317,T,T,-
318,T,T,-
319,T,T,-
320,T,T,-
321,T,T,-
322,T,T,-
323,T,T,-
324,T,T,-
325,T,T,-
326,T,T,-
327,T,T,-
328,T,T,-
329,T,T,-
330,T,T,-
331,T,T,-
332,T,T,-
333,T,T,-
334,T,T,-
335,T,T,-
336,T,T,-
337,T,T,-
338,T,T,-
339,T,T,-
340,T,T,-
341,T,T,-
342,T,T,-
343,T,T,-
344,T,T,-
345,T,T,-
346,T,T,-
347,T,T,-
348,T,T,-
349,T,T,-
350,T,T,-
351,T,T,-
352,T,T,-
353,T,T,-
354,T,T,-
355,T,T,-
356,T,T,-
357,T,T,-
358,T,T,-
359,T,T,-
360,T,T,-
361,T,T,-
362,T,T,-
363,T,T,-
364,T,T,-
365,T,T,-
366,T,T,-
367,T,T,-
368,T,T,-
369,T,T,-
370,T,T,-
371,T,T,-
372,T,T,-
373,T,T,-
374,T,T,-
375,T,T,-
376,T,T,-
377,T,T,-
378,T,T,-
379,T,T,-
380,T,T,-
381,T,T,-
382,T,T,-
383,T,T,-
384,T,T,-
385,T,T,-
386,T,T,-
387,T,T,-
388,T,T,-
389,T,T,-
390,T,T,-
391,T,T,-
392,T,T,-
393,T,T,-
394,T,T,-
395,T,T,-
396,T,T,-
397,T,T,-
398,T,T,-
399,T,T,-
400,T,T,-
401,T,T,-
402,T,T,-
403,T,T,-
404,T,T,-
405,T,T,-
406,T,T,-
407,T,T,-
408,T,T,-
409,T,T,-
410,T,T,-
411,T,T,-
412,T,T,-
413,T,T,-
414,T,T,-
415,T,T,-
416,T,T,-
417,T,T,-
418,T,T,-
419,T,T,-
420,T,T,-
421,T,T,-
422,T,T,-
423,T,T,-
424,T,T,-
425,T,T,-
426,T,T,-
427,T,T,-
428,T,T,-
429,T,T,-
430,T,T,-
431,T,T,-
432,T,T,-
433,T,T,-
434,T,T,-
435,T,T,-
436,T,T,-
437,T,T,-
438,T,T,-
439,T,T,-
440,T,T,-
441,T,T,-
442,T,T,-
443,T,T,-
444,T,T,-
445,T,T,-
446,T,T,-
447,T,T,-
448,T,T,-
449,T,T,-
450,T,T,-
451,T,T,-
452,T,T,-
453,T,T,-
454,T,T,-
455,T,T,-
456,T,T,-
457,T,T,-
458,T,T,-
459,T,T,-
460,T,T,-
461,T,T,-
462,T,T,-
463,T,T,-
464,T,T,-
465,T,T,-
466,T,T,-
467,T,T,-
468,T,T,-
469,T,T,-
470,T,T,-
471,T,T,-
472,T,T,-
473,T,T,-
474,T,T,-
475,T,T,-
476,T,T,-
477,T,T,-
478,T,T,-
479,T,T,-
480,T,T,-
481,T,T,-
482,T,T,-
483,T,F,-
484,T,T,-
485,T,F,-
486,T,T,-
487,T,T,-
488,T,F,-
489,T,F,-
490,T,F,-
491,T,F,-
492,T,F,-
493,T,F,-
494,T,F,-
495,T,F,-
496,T,F,-
497,T,F,-
498,T,F,-
499,T,F,-
500,T,F,-
501,T,F,-
